id,username,email,phone,age,hosting,about_me,location_id,img_url,street
1,dpoel0,lmullord0@cdc.gov,,31,false,Curabitur convallis. Duis consequat dui nec nisi volutpat eleifend. Donec ut dolor.,2,https://randomuser.me/api/portraits/men/1.jpg,Truax
2,bshillaker1,ameeks1@twitpic.com,,33,false,Ut tellus.,5,https://randomuser.me/api/portraits/men/2.jpg,Graceland
3,lcosley2,fpinkie2@booking.com,2832618494,42,false,,7,https://randomuser.me/api/portraits/men/3.jpg,Morningstar
4,kboyat3,mghelardi3@weibo.com,1908052850,21,false,Duis aliquam convallis nunc. Proin at turpis a pede posuere nonummy.,9,https://randomuser.me/api/portraits/men/4.jpg,Toban
5,cpellew4,ekirtlan4@ocn.ne.jp,8803078298,,false,Nullam sit amet turpis elementum ligula vehicula consequat. Morbi a ipsum. Integer a nibh.,4,https://randomuser.me/api/portraits/men/5.jpg,Forster
6,batkyns5,agifkins5@amazon.com,6474277515,32,true,"Curabitur gravida nisi at nibh. In hac habitasse platea dictumst. Aliquam augue quam, sollicitudin vitae, consectetuer eget, rutrum at, lorem.",3,https://randomuser.me/api/portraits/men/6.jpg,Veith
7,djumeau6,hjurs6@paypal.com,,,true,"Quisque arcu libero, rutrum ac, lobortis vel, dapibus at, diam. Nam tristique tortor eu pede.",9,https://randomuser.me/api/portraits/men/7.jpg,Meadow Ridge
8,ntevlin7,yweld7@tuttocitta.it,1871076236,18,false,"Fusce congue, diam id ornare imperdiet, sapien urna pretium nisl, ut volutpat sapien arcu sed augue. Aliquam erat volutpat. In congue.",9,https://randomuser.me/api/portraits/men/8.jpg,Gale
9,hheinssen8,kmallan8@qq.com,4133172091,25,false,,9,https://randomuser.me/api/portraits/men/10.jpg,Thierer
10,dsoloway9,elamasna9@kickstarter.com,3212701045,30,true,Duis mattis egestas metus.,9,https://randomuser.me/api/portraits/men/9.jpg,Westridge
11,esagea,hdroughta@tinyurl.com,4265415473,47,false,Integer tincidunt ante vel ipsum. Praesent blandit lacinia erat.,7,https://randomuser.me/api/portraits/women/1.jpg,Manley
12,lnarduccib,wtockellb@clickbank.net,4265954886,19,true,"Nam ultrices, libero non mattis pulvinar, nulla pede ullamcorper augue, a suscipit nulla elit ac nulla.",7,https://randomuser.me/api/portraits/women/2.jpg,Sycamore
13,educarnec,cmadisonc@oaic.gov.au,9376622677,42,true,Nullam porttitor lacus at turpis. Donec posuere metus vitae ipsum. Aliquam non mauris.,3,https://randomuser.me/api/portraits/women/3.jpg,Eggendart
14,mdracod,aduleyd@odnoklassniki.ru,3132686190,,true,Pellentesque eget nunc. Donec quis orci eget orci vehicula condimentum. Curabitur in libero ut massa volutpat convallis.,1,https://randomuser.me/api/portraits/women/4.jpg,High Crossing
15,hstiveye,uhugonnete@spiegel.de,7236607645,26,false,"Mauris ullamcorper purus sit amet nulla. Quisque arcu libero, rutrum ac, lobortis vel, dapibus at, diam.",8,https://randomuser.me/api/portraits/women/5.jpg,Morrow
16,rlamminf,rmorrowf@foxnews.com,8097584787,,false,,6,https://randomuser.me/api/portraits/women/6.jpg,Nobel
17,mbidgoodg,rrunhamg@bloglines.com,9333751836,,false,"Cras pellentesque volutpat dui. Maecenas tristique, est et tempus semper, est quam pharetra magna, ac consequat metus sapien ut nunc.",5,hhttps://randomuser.me/api/portraits/women/7.jpg,Arkansas
18,drafteryh,teptonh@amazon.co.jp,5515641594,,false,"Nulla ac enim. In tempor, turpis nec euismod scelerisque, quam turpis adipiscing lorem, vitae mattis nibh ligula nec sem.",4,https://randomuser.me/api/portraits/women/8.jpg,Cody
19,mmauni,sdohrmanni@networksolutions.com,6596472603,18,false,Pellentesque viverra pede ac diam.,8,https://randomuser.me/api/portraits/women/9.jpg,Lakeland
20,smatchettj,pthornleyj@theatlantic.com,,60,false,Vestibulum sed magna at nunc commodo placerat. Praesent blandit.,6,https://randomuser.me/api/portraits/women/10.jpg,Mifflin
21,redesk,aspawforthk@php.net,5167067485,,true,,1,https://randomuser.me/api/portraits/men/11.jpg,Rieder
22,ptolmanl,rmullanel@telegraph.co.uk,3887572900,42,false,,2,https://randomuser.me/api/portraits/men/12.jpg,Grover
23,ependridm,swilshinm@nasa.gov,7059055796,,false,"Vestibulum quam sapien, varius ut, blandit non, interdum in, ante. Vestibulum ante ipsum primis in faucibus orci luctus et ultrices posuere cubilia Curae; Duis faucibus accumsan odio. Curabitur convallis.",5,https://randomuser.me/api/portraits/men/13.jpg,Grover
24,cpilipyakn,mrosebyn@rediff.com,1862982705,39,false,"Cras mi pede, malesuada in, imperdiet et, commodo vulputate, justo. In blandit ultrices enim.",2,https://randomuser.me/api/portraits/men/14.jpg,Continental
25,hhumbleso,cnippero@ebay.com,5506138419,,false,"Nulla nisl. Nunc nisl. Duis bibendum, felis sed interdum venenatis, turpis enim blandit mi, in porttitor pede justo eu massa.",9,https://randomuser.me/api/portraits/men/15.jpg,Starling
26,clygoep,mnewlandsp@seesaa.net,,52,true,"Cum sociis natoque penatibus et magnis dis parturient montes, nascetur ridiculus mus. Vivamus vestibulum sagittis sapien. Cum sociis natoque penatibus et magnis dis parturient montes, nascetur ridiculus mus.",3,https://randomuser.me/api/portraits/men/16.jpg,Autumn Leaf
27,bmattinq,svicareyq@cloudflare.com,9144325433,50,true,"Lorem ipsum dolor sit amet, consectetuer adipiscing elit. Proin interdum mauris non ligula pellentesque ultrices.",4,https://randomuser.me/api/portraits/men/17.jpg,Melvin
28,fleslier,lnaryr@eventbrite.com,6051831639,54,true,Quisque ut erat. Curabitur gravida nisi at nibh.,7,https://randomuser.me/api/portraits/men/18.jpg,Bowman
29,nharrolds,csommerlins@example.com,8477647292,37,false,"Cras mi pede, malesuada in, imperdiet et, commodo vulputate, justo. In blandit ultrices enim.",1,https://randomuser.me/api/portraits/men/19.jpg,Quincy
30,jbooelnt,vlebarrt@prweb.com,9965128151,,true,Vestibulum ante ipsum primis in faucibus orci luctus et ultrices posuere cubilia Curae; Duis faucibus accumsan odio. Curabitur convallis. Duis consequat dui nec nisi volutpat eleifend.,4,https://randomuser.me/api/portraits/men/20.jpg,Hoard
31,qkibbyu,pmanuelyu@wp.com,9465708576,,false,Maecenas tincidunt lacus at velit. Vivamus vel nulla eget eros elementum pellentesque.,1,https://randomuser.me/api/portraits/women/11.jpg,Cascade
32,gtedmanv,lfiltnessv@typepad.com,4945229945,,true,Donec dapibus. Duis at velit eu est congue elementum.,5,https://randomuser.me/api/portraits/women/12.jpg,Prairieview
33,bentresw,bharringtonw@seattletimes.com,,20,false,Aenean lectus. Pellentesque eget nunc. Donec quis orci eget orci vehicula condimentum.,10,https://randomuser.me/api/portraits/women/13.jpg,Merchant
34,cmcaleesx,snarramorex@abc.net.au,6756765297,28,true,Vestibulum ante ipsum primis in faucibus orci luctus et ultrices posuere cubilia Curae; Mauris viverra diam vitae quam. Suspendisse potenti.,10,https://randomuser.me/api/portraits/women/14.jpg,Sherman
35,amedgwicky,wpuddicombey@sbwire.com,8618254658,32,false,,6,https://randomuser.me/api/portraits/women/15.jpg,Manley
36,csellwoodz,trodingerz@sfgate.com,6484423126,,false,Nulla tellus.,2,https://randomuser.me/api/portraits/women/16.jpg,Spenser
37,pbickerdyke10,aarchbell10@ezinearticles.com,5288040039,43,false,"Vestibulum quam sapien, varius ut, blandit non, interdum in, ante.",9,https://randomuser.me/api/portraits/women/17.jpg,Anhalt
38,dfairbank11,vtipton11@elegantthemes.com,8972948855,,true,"Praesent lectus. Vestibulum quam sapien, varius ut, blandit non, interdum in, ante.",10,https://randomuser.me/api/portraits/women/18.jpg,Red Cloud
39,hcosely12,fsansom12@biblegateway.com,,54,false,"Fusce congue, diam id ornare imperdiet, sapien urna pretium nisl, ut volutpat sapien arcu sed augue.",7,https://randomuser.me/api/portraits/women/19.jpg,Monterey
40,tdorricott13,dkaye13@slideshare.net,9998483945,59,true,,4,https://randomuser.me/api/portraits/women/20.jpg,Autumn Leaf
41,alawie14,bangel14@merriam-webster.com,8917200998,,false,,4,https://randomuser.me/api/portraits/men/21.jpg,Prairie Rose
42,cdennis15,ocastagno15@icq.com,6618668115,23,false,,5,https://randomuser.me/api/portraits/men/22.jpg,Buena Vista
43,gessel16,otallent16@joomla.org,2742569012,,true,Pellentesque ultrices mattis odio.,2,https://randomuser.me/api/portraits/men/23.jpg,Eliot
44,jelleton17,jboffey17@dmoz.org,9944861020,,true,In eleifend quam a odio.,5,https://randomuser.me/api/portraits/men/24.jpg,Marcy
45,lkime18,srummins18@miitbeian.gov.cn,7892153122,57,false,,9,https://randomuser.me/api/portraits/men/25.jpg,Burrows
46,bbath19,smonkhouse19@umich.edu,3831599959,,false,Aenean fermentum. Donec ut mauris eget massa tempor convallis.,7,https://randomuser.me/api/portraits/men/26.jpg,Haas
47,bhampe1a,lhebron1a@mozilla.com,1751791618,59,false,"Aliquam sit amet diam in magna bibendum imperdiet. Nullam orci pede, venenatis non, sodales sed, tincidunt eu, felis.",2,https://randomuser.me/api/portraits/men/27.jpg,Nancy
48,tragles1b,ejealous1b@phpbb.com,3428005264,,true,,6,https://randomuser.me/api/portraits/men/28.jpg,Fallview
49,rkhomishin1c,nboake1c@mashable.com,3977189395,60,true,In hac habitasse platea dictumst. Etiam faucibus cursus urna. Ut tellus.,3,https://randomuser.me/api/portraits/men/29.jpg,Ludington
50,fgilbane1d,npersicke1d@nsw.gov.au,8554281334,52,true,"Vestibulum ac est lacinia nisi venenatis tristique. Fusce congue, diam id ornare imperdiet, sapien urna pretium nisl, ut volutpat sapien arcu sed augue.",2,https://randomuser.me/api/portraits/men/30.jpg,Chive
51,bengeham1e,rchill1e@free.fr,3595813491,44,false,"Vestibulum quam sapien, varius ut, blandit non, interdum in, ante.",7,https://randomuser.me/api/portraits/women/21.jpg,Gulseth
52,dputtrell1f,ktumini1f@cnet.com,4599534382,54,true,Nullam porttitor lacus at turpis.,9,https://randomuser.me/api/portraits/women/22.jpg,Northland
53,dvanbaaren1g,sturban1g@goodreads.com,9157489637,45,true,"In sagittis dui vel nisl. Duis ac nibh. Fusce lacus purus, aliquet at, feugiat non, pretium quis, lectus.",2,https://randomuser.me/api/portraits/women/23.jpg,Kingsford
54,ecobbe1h,dleguay1h@berkeley.edu,4213610164,44,true,,8,https://randomuser.me/api/portraits/women/24.jpg,Lake View
55,abodicum1i,abraycotton1i@fastcompany.com,9296846320,34,false,Suspendisse potenti.,5,https://randomuser.me/api/portraits/women/25.jpg,Lakewood
56,dscholar1j,bclaire1j@zdnet.com,,,false,Nulla tellus. In sagittis dui vel nisl. Duis ac nibh.,6,https://randomuser.me/api/portraits/women/26.jpg,Sycamore
57,mworthington1k,cshenley1k@mac.com,5251867844,,true,Morbi non quam nec dui luctus rutrum. Nulla tellus. In sagittis dui vel nisl.,3,https://randomuser.me/api/portraits/women/27.jpg,Kipling
58,aroiz1l,llamborn1l@fema.gov,,40,true,"Curabitur gravida nisi at nibh. In hac habitasse platea dictumst. Aliquam augue quam, sollicitudin vitae, consectetuer eget, rutrum at, lorem.",2,https://randomuser.me/api/portraits/women/28.jpg,Fordem
59,mtweed1m,lleefe1m@washington.edu,6812284529,32,true,,10,https://randomuser.me/api/portraits/women/29.jpg,David
60,eclausner1n,vathelstan1n@histats.com,2468732362,23,false,,2,https://randomuser.me/api/portraits/women/30.jpg,Amoth
61,haddess1o,rjindra1o@digg.com,,33,true,"Cum sociis natoque penatibus et magnis dis parturient montes, nascetur ridiculus mus.",2,https://randomuser.me/api/portraits/men/31.jpg,Doe Crossing
62,msugarman1p,emillion1p@amazon.co.jp,,,true,"Mauris enim leo, rhoncus sed, vestibulum sit amet, cursus id, turpis.",10,https://randomuser.me/api/portraits/men/32.jpg,Prairie Rose
63,ckimblen1q,gswain1q@miibeian.gov.cn,,,true,Pellentesque eget nunc. Donec quis orci eget orci vehicula condimentum. Curabitur in libero ut massa volutpat convallis.,2,https://randomuser.me/api/portraits/men/33.jpg,Westend
64,gsimoncini1r,cparncutt1r@ezinearticles.com,8956817405,27,false,In sagittis dui vel nisl. Duis ac nibh.,2,https://randomuser.me/api/portraits/men/34.jpg,Kedzie
65,inegus1s,ggopsill1s@go.com,,29,true,"Quisque porta volutpat erat. Quisque erat eros, viverra eget, congue eget, semper rutrum, nulla.",8,https://randomuser.me/api/portraits/men/35.jpg,Shasta
66,mschlag1t,acardenosa1t@last.fm,1446535133,20,false,In sagittis dui vel nisl.,2,https://randomuser.me/api/portraits/men/36.jpg,Clyde Gallagher
67,cmacpherson1u,mganing1u@sbwire.com,,,true,Nullam varius. Nulla facilisi. Cras non velit nec nisi vulputate nonummy.,10,https://randomuser.me/api/portraits/men/37.jpg,Paget
68,asummers1v,nhargie1v@dailymotion.com,5336944147,34,true,Maecenas rhoncus aliquam lacus. Morbi quis tortor id nulla ultrices aliquet.,8,https://randomuser.me/api/portraits/men/38.jpg,Spohn
69,cfilippov1w,rbroadwood1w@weather.com,7862142548,36,true,Etiam pretium iaculis justo. In hac habitasse platea dictumst.,1,https://randomuser.me/api/portraits/men/39.jpg,Monterey
70,mlared1x,iguile1x@sourceforge.net,,31,false,Vestibulum sed magna at nunc commodo placerat. Praesent blandit. Nam nulla.,9,https://randomuser.me/api/portraits/men/40.jpg,Rieder
71,bmitrikhin1y,bganforthe1y@alibaba.com,8146882200,51,false,Phasellus sit amet erat. Nulla tempus. Vivamus in felis eu sapien cursus vestibulum.,9,https://randomuser.me/api/portraits/women/31.jpg,Johnson
72,tmarkovic1z,tderobertis1z@mac.com,3242015516,40,true,Maecenas tincidunt lacus at velit.,6,https://randomuser.me/api/portraits/women/33.jpg,Forest Dale
73,mgaymar20,isketchley20@zdnet.com,,42,true,"In tempor, turpis nec euismod scelerisque, quam turpis adipiscing lorem, vitae mattis nibh ligula nec sem. Duis aliquam convallis nunc.",8,https://randomuser.me/api/portraits/women/33.jpg,Haas
74,mgrimston21,kdetheridge21@xing.com,8143603111,,true,Etiam pretium iaculis justo. In hac habitasse platea dictumst. Etiam faucibus cursus urna.,10,https://randomuser.me/api/portraits/women/38.jpg,Porter
75,rstitfall22,ojeves22@sina.com.cn,3576396631,,true,Aenean fermentum. Donec ut mauris eget massa tempor convallis.,7,https://randomuser.me/api/portraits/women/34.jpg,Delaware
76,hknutton23,ablanchet23@vistaprint.com,3568850263,,false,Nulla suscipit ligula in lacus. Curabitur at ipsum ac tellus semper interdum.,6,https://randomuser.me/api/portraits/women/35.jpg,Fuller
77,mlickess24,jwalcar24@4shared.com,8092944470,21,true,,3,https://randomuser.me/api/portraits/women/36.jpg,Killdeer
78,bmcgarel25,mmelia25@princeton.edu,,50,false,"Vestibulum ante ipsum primis in faucibus orci luctus et ultrices posuere cubilia Curae; Nulla dapibus dolor vel est. Donec odio justo, sollicitudin ut, suscipit a, feugiat et, eros. Vestibulum ac est lacinia nisi venenatis tristique.",10,https://randomuser.me/api/portraits/women/37.jpg,Maryland
79,fkreutzer26,ahartley26@skype.com,1803896290,,false,Aliquam erat volutpat. In congue.,10,https://randomuser.me/api/portraits/women/39.jpg,Saint Paul
80,mbarrus27,ggillyatt27@omniture.com,,,true,"Curabitur at ipsum ac tellus semper interdum. Mauris ullamcorper purus sit amet nulla. Quisque arcu libero, rutrum ac, lobortis vel, dapibus at, diam.",2,https://randomuser.me/api/portraits/women/40.jpg,Eagle Crest
81,ubywater28,kbollis28@mapy.cz,9615679911,48,false,,1,https://randomuser.me/api/portraits/men/41.jpg,Tennyson
82,jarling29,vcofax29@sohu.com,9646755213,20,true,"Aenean sit amet justo. Morbi ut odio. Cras mi pede, malesuada in, imperdiet et, commodo vulputate, justo.",3,https://randomuser.me/api/portraits/men/42.jpg,Northland
83,jwalasik2a,cpostlethwaite2a@bing.com,6348967493,,true,Suspendisse potenti.,9,https://randomuser.me/api/portraits/men/43.jpg,Forest
84,lscrace2b,cdunabie2b@a8.net,8959447133,41,true,Mauris ullamcorper purus sit amet nulla.,9,https://randomuser.me/api/portraits/men/45.jpg,Monica
85,fbesque2c,chindes2c@nifty.com,5239769059,,true,"Cras in purus eu magna vulputate luctus. Cum sociis natoque penatibus et magnis dis parturient montes, nascetur ridiculus mus. Vivamus vestibulum sagittis sapien.",8,https://randomuser.me/api/portraits/men/44.jpg,Riverside
86,jizat2d,oagates2d@themeforest.net,,44,true,Aenean fermentum.,5,https://randomuser.me/api/portraits/men/46.jpg,Kim
87,vjandl2e,nperkinson2e@nps.gov,,,false,Vestibulum ante ipsum primis in faucibus orci luctus et ultrices posuere cubilia Curae; Mauris viverra diam vitae quam. Suspendisse potenti.,6,https://randomuser.me/api/portraits/men/47.jpg,Pleasure
88,fcorsham2f,dpogosian2f@dailymotion.com,4913499623,,false,,2,https://randomuser.me/api/portraits/men/48.jpg,Continental
89,hwigfall2g,ltuffin2g@wikispaces.com,3933460933,,false,Nulla suscipit ligula in lacus.,10,https://randomuser.me/api/portraits/men/49.jpg,Kinsman
90,kmulligan2h,aspaight2h@usa.gov,,59,true,"Duis bibendum, felis sed interdum venenatis, turpis enim blandit mi, in porttitor pede justo eu massa.",3,https://randomuser.me/api/portraits/men/50.jpg,Lien
91,gskeermer2i,jchrister2i@pbs.org,9642693163,48,false,In eleifend quam a odio.,1,https://randomuser.me/api/portraits/women/41.jpg,Debs
92,bnewlove2j,gjepperson2j@dot.gov,9687532602,31,true,"Cras mi pede, malesuada in, imperdiet et, commodo vulputate, justo. In blandit ultrices enim.",7,https://randomuser.me/api/portraits/women/42.jpg,Meadow Valley
93,jbees2k,gstanners2k@wikispaces.com,3293961295,,true,Integer tincidunt ante vel ipsum. Praesent blandit lacinia erat.,7,https://randomuser.me/api/portraits/women/43.jpg,Surrey
94,atesh2l,dcastro2l@barnesandnoble.com,7039362374,,false,Duis ac nibh.,10,https://randomuser.me/api/portraits/women/44.jpg,1st
95,cstawell2m,auttridge2m@theatlantic.com,,30,true,Morbi porttitor lorem id ligula. Suspendisse ornare consequat lectus.,4,https://randomuser.me/api/portraits/women/45.jpg,Westend
96,yfyldes2n,mghidini2n@ask.com,,,true,"Fusce posuere felis sed lacus. Morbi sem mauris, laoreet ut, rhoncus aliquet, pulvinar sed, nisl. Nunc rhoncus dui vel sem.",5,https://randomuser.me/api/portraits/women/46.jpg,Carpenter
97,ckayley2o,pbernet2o@github.io,3732809489,52,false,"In hac habitasse platea dictumst. Morbi vestibulum, velit id pretium iaculis, diam erat fermentum justo, nec condimentum neque sapien placerat ante. Nulla justo.",10,https://randomuser.me/api/portraits/women/47.jpg,Grasskamp
98,hficken2p,gsobey2p@noaa.gov,3831541931,54,true,Donec posuere metus vitae ipsum.,5,https://randomuser.me/api/portraits/women/48.jpg,Pleasure
99,bjoyner2q,kdavidsen2q@fc2.com,4375151284,23,true,Aliquam quis turpis eget elit sodales scelerisque. Mauris sit amet eros. Suspendisse accumsan tortor quis turpis.,1,https://randomuser.me/api/portraits/women/49.jpg,Sutteridge
100,shorick2r,asnow2r@nifty.com,3489438568,,true,"Cras mi pede, malesuada in, imperdiet et, commodo vulputate, justo. In blandit ultrices enim.",5,https://randomuser.me/api/portraits/women/50.jpg,Glendale
101,lspraggs2s,ilymbourne2s@cdc.gov,4475951444,,true,,8,https://randomuser.me/api/portraits/men/51.jpg,Stang
102,draffan2t,kaleksandrov2t@list-manage.com,7465355671,,true,,3,hhttps://randomuser.me/api/portraits/men/52.jpg,Farwell
103,myegorev2u,ocorney2u@marketwatch.com,,,false,"Nunc rhoncus dui vel sem. Sed sagittis. Nam congue, risus semper porta volutpat, quam pede lobortis ligula, sit amet eleifend pede libero quis orci.",1,https://randomuser.me/api/portraits/men/53.jpg,Darwin
104,jbrunning2v,jiorizzo2v@drupal.org,3542076103,32,false,Proin risus. Praesent lectus.,3,https://randomuser.me/api/portraits/men/54.jpg,Memorial
105,cbackshill2w,cfynn2w@gmpg.org,8022852475,,true,"Maecenas tristique, est et tempus semper, est quam pharetra magna, ac consequat metus sapien ut nunc.",4,https://randomuser.me/api/portraits/men/55.jpg,Kedzie
106,loxborough2x,hlanfranchi2x@msu.edu,8584152521,20,false,"Phasellus id sapien in sapien iaculis congue. Vivamus metus arcu, adipiscing molestie, hendrerit at, vulputate vitae, nisl. Aenean lectus.",6,https://randomuser.me/api/portraits/men/56.jpg,West
107,mpharrow2y,btindall2y@about.me,8964444620,44,true,"Quisque porta volutpat erat. Quisque erat eros, viverra eget, congue eget, semper rutrum, nulla. Nunc purus.",7,https://randomuser.me/api/portraits/men/57.jpg,Hanover
108,mchatwin2z,fbrettoner2z@scientificamerican.com,5277327100,,true,"Proin leo odio, porttitor id, consequat in, consequat ut, nulla. Sed accumsan felis. Ut at dolor quis odio consequat varius.",6,https://randomuser.me/api/portraits/men/58.jpg,Nova
109,dgallyon30,soleshunin30@123-reg.co.uk,6704835586,60,false,"Morbi vel lectus in quam fringilla rhoncus. Mauris enim leo, rhoncus sed, vestibulum sit amet, cursus id, turpis. Integer aliquet, massa id lobortis convallis, tortor risus dapibus augue, vel accumsan tellus nisi eu orci.",5,https://randomuser.me/api/portraits/men/59.jpg,Annamark
110,dludovici31,sbugg31@ft.com,5481388170,32,true,"Aliquam augue quam, sollicitudin vitae, consectetuer eget, rutrum at, lorem. Integer tincidunt ante vel ipsum.",2,https://randomuser.me/api/portraits/men/60.jpg,Lotheville
111,vleban32,kniemetz32@dedecms.com,,,false,Aenean fermentum.,1,https://randomuser.me/api/portraits/women/51.jpg,Dawn
112,jspaule33,kabramovic33@prlog.org,1451175673,49,true,,4,https://randomuser.me/api/portraits/women/52.jpg,New Castle
113,mbrassill34,hoddboy34@xinhuanet.com,1266658538,21,true,"In tempor, turpis nec euismod scelerisque, quam turpis adipiscing lorem, vitae mattis nibh ligula nec sem. Duis aliquam convallis nunc. Proin at turpis a pede posuere nonummy.",7,https://randomuser.me/api/portraits/women/53.jpg,Express
114,ggunby35,ndauby35@intel.com,8908141357,,true,,4,https://randomuser.me/api/portraits/women/54.jpg,Hollow Ridge
115,gdwight36,khebbron36@yale.edu,3906148659,44,true,,4,https://randomuser.me/api/portraits/women/55.jpg,Starling
116,dgrayham37,kpearcy37@studiopress.com,2494144482,36,false,,6,https://randomuser.me/api/portraits/women/56.jpg,Mccormick
117,adinsdale38,sullrich38@sciencedirect.com,3847320634,25,false,,2,https://randomuser.me/api/portraits/women/57.jpg,Bluestem
118,nstamp39,dconman39@paginegialle.it,5849515274,22,true,,8,https://randomuser.me/api/portraits/women/58.jpg,Bunting
119,scolumbine3a,mgarner3a@i2i.jp,6853604136,21,false,Nam tristique tortor eu pede.,9,https://randomuser.me/api/portraits/women/59.jpg,Schmedeman
120,kjosipovic3b,rsidwell3b@artisteer.com,2545085995,51,false,Integer ac leo. Pellentesque ultrices mattis odio.,3,https://randomuser.me/api/portraits/women/60.jpg,Park Meadow
121,srosenthal3c,yseydlitz3c@walmart.com,,18,true,Etiam faucibus cursus urna. Ut tellus. Nulla ut erat id mauris vulputate elementum.,8,https://randomuser.me/api/portraits/men/61.jpg,John Wall
122,lkail3d,gsarge3d@multiply.com,2762159926,32,true,"Lorem ipsum dolor sit amet, consectetuer adipiscing elit.",2,https://randomuser.me/api/portraits/men/62.jpg,Ryan
123,dgerardot3e,lcaswell3e@amazon.co.jp,2896944472,,false,Sed ante.,7,https://randomuser.me/api/portraits/men/63.jpg,Hanson
124,aensten3f,jarcase3f@ustream.tv,,37,false,Ut at dolor quis odio consequat varius.,1,https://randomuser.me/api/portraits/men/64.jpg,Merchant
125,alangland3g,phuddart3g@uiuc.edu,4058423380,52,true,"Donec vitae nisi. Nam ultrices, libero non mattis pulvinar, nulla pede ullamcorper augue, a suscipit nulla elit ac nulla. Sed vel enim sit amet nunc viverra dapibus.",1,https://randomuser.me/api/portraits/men/65.jpg,Algoma
126,mchevalier3h,cessery3h@google.com.br,7225400973,27,false,Etiam vel augue.,5,https://randomuser.me/api/portraits/men/66.jpg,Springs
127,lmckay3i,dsimonian3i@canalblog.com,1288787895,50,false,,2,https://randomuser.me/api/portraits/men/67.jpg,Fairview
128,bricioppo3j,uwarlton3j@zimbio.com,1902479842,39,false,"Vestibulum ante ipsum primis in faucibus orci luctus et ultrices posuere cubilia Curae; Nulla dapibus dolor vel est. Donec odio justo, sollicitudin ut, suscipit a, feugiat et, eros.",4,https://randomuser.me/api/portraits/men/68.jpg,Alpine
129,gcheltnam3k,ctabor3k@businesswire.com,1553675404,42,false,"Cum sociis natoque penatibus et magnis dis parturient montes, nascetur ridiculus mus.",8,https://randomuser.me/api/portraits/men/69.jpg,Merry
130,gpentercost3l,wduffy3l@bloomberg.com,4342257052,40,true,,2,https://randomuser.me/api/portraits/men/70.jpg,Pearson
131,awoolmer3m,mbrannon3m@umn.edu,5074692576,22,true,Pellentesque viverra pede ac diam. Cras pellentesque volutpat dui.,6,https://randomuser.me/api/portraits/women/61.jpg,Homewood
132,sbernadzki3n,rcopnall3n@smh.com.au,,47,false,,1,https://randomuser.me/api/portraits/women/62.jpg,Hauk
133,gwhiskin3o,mrowdell3o@java.com,2649417371,40,true,,1,https://randomuser.me/api/portraits/women/63.jpg,Waywood
134,jroloff3p,lpfeiffer3p@angelfire.com,8432786531,26,true,,8,https://randomuser.me/api/portraits/women/64.jpg,Melby
135,sjurkowski3q,rblackader3q@nydailynews.com,4198006120,31,true,"Aliquam augue quam, sollicitudin vitae, consectetuer eget, rutrum at, lorem. Integer tincidunt ante vel ipsum. Praesent blandit lacinia erat.",7,https://randomuser.me/api/portraits/women/65.jpg,Ryan
136,mmilne3r,etomini3r@nymag.com,9531628231,55,true,,1,https://randomuser.me/api/portraits/women/66.jpg,Dorton
137,kcunnah3s,lbaudesson3s@cyberchimps.com,5513511178,,true,Vestibulum sed magna at nunc commodo placerat. Praesent blandit.,5,https://randomuser.me/api/portraits/women/67.jpg,Loftsgordon
138,dgirkins3t,spenkethman3t@biglobe.ne.jp,,38,false,"Morbi sem mauris, laoreet ut, rhoncus aliquet, pulvinar sed, nisl. Nunc rhoncus dui vel sem.",7,https://randomuser.me/api/portraits/women/68.jpg,Heffernan
139,wlisamore3u,wtruckell3u@rakuten.co.jp,7508418836,,false,Donec dapibus. Duis at velit eu est congue elementum.,7,https://randomuser.me/api/portraits/women/69.jpg,Mcguire
140,khuckerbe3v,ariepl3v@google.com.br,7924636281,22,true,Phasellus sit amet erat.,7,https://randomuser.me/api/portraits/women/70.jpg,Clove
141,splumley3w,ccogar3w@ebay.com,3936752565,57,false,"Fusce congue, diam id ornare imperdiet, sapien urna pretium nisl, ut volutpat sapien arcu sed augue. Aliquam erat volutpat. In congue.",10,https://randomuser.me/api/portraits/men/71.jpg,Crescent Oaks
142,pcardno3x,dwellesley3x@walmart.com,5318004491,49,false,,9,https://randomuser.me/api/portraits/men/72.jpg,Bartelt
143,gzotto3y,eballintime3y@godaddy.com,3845742555,,true,"Nam ultrices, libero non mattis pulvinar, nulla pede ullamcorper augue, a suscipit nulla elit ac nulla. Sed vel enim sit amet nunc viverra dapibus.",5,https://randomuser.me/api/portraits/men/73.jpg,Green
144,bboxer3z,hdairton3z@sphinn.com,2324171174,,true,,4,https://randomuser.me/api/portraits/men/74.jpg,Parkside
145,jhance40,mkroin40@etsy.com,,41,true,Integer tincidunt ante vel ipsum. Praesent blandit lacinia erat.,8,https://randomuser.me/api/portraits/men/75.jpg,Blaine
146,meisikowitch41,hprentice41@xing.com,,40,true,"In hac habitasse platea dictumst. Aliquam augue quam, sollicitudin vitae, consectetuer eget, rutrum at, lorem. Integer tincidunt ante vel ipsum.",4,https://randomuser.me/api/portraits/men/76.jpg,Elmside
147,jriding42,cchessum42@stumbleupon.com,5528288140,52,true,"Fusce lacus purus, aliquet at, feugiat non, pretium quis, lectus.",9,https://randomuser.me/api/portraits/men/77.jpg,Stephen
148,jhaxby43,fseamer43@myspace.com,2775482809,,true,Morbi non quam nec dui luctus rutrum. Nulla tellus.,9,https://randomuser.me/api/portraits/men/78.jpg,Quincy
149,ekunkel44,mpavier44@usa.gov,8716379281,45,true,Nullam porttitor lacus at turpis. Donec posuere metus vitae ipsum. Aliquam non mauris.,4,https://randomuser.me/api/portraits/men/79.jpg,Hovde
150,mwernher45,apetrescu45@seesaa.net,9276549403,40,false,,8,https://randomuser.me/api/portraits/men/80.jpg,Blackbird
151,fmacane46,ejacqueme46@indiegogo.com,2641509562,32,true,"Proin leo odio, porttitor id, consequat in, consequat ut, nulla.",6,https://randomuser.me/api/portraits/women/71.jpg,Macpherson
152,bgiacometti47,kbrome47@harvard.edu,,30,true,,9,https://randomuser.me/api/portraits/women/72.jpg,Transport
153,vraybould48,yflintiff48@fc2.com,6765180172,,false,"Morbi odio odio, elementum eu, interdum eu, tincidunt in, leo. Maecenas pulvinar lobortis est. Phasellus sit amet erat.",1,https://randomuser.me/api/portraits/women/73.jpg,Quincy
154,jdumbar49,lboost49@marriott.com,9251664169,29,true,,5,https://randomuser.me/api/portraits/women/74.jpg,Carey
155,gpostgate4a,slear4a@godaddy.com,,23,true,"Integer non velit. Donec diam neque, vestibulum eget, vulputate ut, ultrices vel, augue. Vestibulum ante ipsum primis in faucibus orci luctus et ultrices posuere cubilia Curae; Donec pharetra, magna vestibulum aliquet ultrices, erat tortor sollicitudin mi, sit amet lobortis sapien sapien non mi.",1,https://randomuser.me/api/portraits/women/75.jpg,Summerview
156,goaten4b,gmaryan4b@blog.com,9603913855,,true,"Proin leo odio, porttitor id, consequat in, consequat ut, nulla.",1,https://randomuser.me/api/portraits/women/76.jpg,Heffernan
157,vlathom4c,srumsby4c@feedburner.com,6241437648,31,true,Aenean auctor gravida sem. Praesent id massa id nisl venenatis lacinia. Aenean sit amet justo.,2,https://randomuser.me/api/portraits/women/77.jpg,Lakewood
158,dwinckworth4d,cmckeller4d@uiuc.edu,7428570637,37,false,,4,https://randomuser.me/api/portraits/women/78.jpg,Prairie Rose
159,rmillions4e,csagrott4e@elpais.com,4938109703,37,false,"Integer non velit. Donec diam neque, vestibulum eget, vulputate ut, ultrices vel, augue. Vestibulum ante ipsum primis in faucibus orci luctus et ultrices posuere cubilia Curae; Donec pharetra, magna vestibulum aliquet ultrices, erat tortor sollicitudin mi, sit amet lobortis sapien sapien non mi.",6,https://randomuser.me/api/portraits/women/79.jpg,John Wall
160,cbonhan4f,baynold4f@google.co.uk,3826952833,,true,,8,https://randomuser.me/api/portraits/women/80.jpg,Arizona
161,khexter4g,wlidster4g@nydailynews.com,2458815076,49,true,Fusce consequat. Nulla nisl.,4,https://randomuser.me/api/portraits/men/81.jpg,Fairfield
162,gtaborre4h,dstowte4h@cnet.com,7985092707,45,true,Pellentesque at nulla.,9,https://randomuser.me/api/portraits/men/82.jpg,Tennyson
163,dbrumwell4i,bcoppen4i@nationalgeographic.com,5123138302,54,true,"Curabitur in libero ut massa volutpat convallis. Morbi odio odio, elementum eu, interdum eu, tincidunt in, leo. Maecenas pulvinar lobortis est.",3,https://randomuser.me/api/portraits/men/83.jpg,Fuller
164,wiremonger4j,jpaulton4j@sciencedaily.com,7653384531,32,true,"Proin interdum mauris non ligula pellentesque ultrices. Phasellus id sapien in sapien iaculis congue. Vivamus metus arcu, adipiscing molestie, hendrerit at, vulputate vitae, nisl.",5,https://randomuser.me/api/portraits/men/84.jpg,Trailsway
165,lbeesey4k,mchippin4k@vimeo.com,9078645305,60,false,,9,https://randomuser.me/api/portraits/men/85.jpg,Fordem
166,vchatt4l,bcosford4l@rambler.ru,7191361826,44,false,Suspendisse potenti. Cras in purus eu magna vulputate luctus.,7,https://randomuser.me/api/portraits/men/86.jpg,Pearson
167,ggiblin4m,cborborough4m@accuweather.com,7529729042,,true,,8,https://randomuser.me/api/portraits/men/87.jpg,School
168,alancett4n,oyanov4n@google.nl,2211154714,,true,Vestibulum ante ipsum primis in faucibus orci luctus et ultrices posuere cubilia Curae; Mauris viverra diam vitae quam. Suspendisse potenti.,2,https://randomuser.me/api/portraits/men/88.jpgMiller
169,ateulier4o,rnosworthy4o@reverbnation.com,2548542767,38,false,,8,https://randomuser.me/api/portraits/men/89.jpg,Hudson
170,ddallander4p,kcazereau4p@soup.io,1503716879,52,true,Donec quis orci eget orci vehicula condimentum. Curabitur in libero ut massa volutpat convallis.,10,https://randomuser.me/api/portraits/men/90.jpg,Mayer
171,kkarmel4q,rcatanheira4q@scientificamerican.com,7961654535,40,true,,3,https://randomuser.me/api/portraits/women/81.jpg,Eastwood
172,jcornil4r,rpickavance4r@berkeley.edu,8035276821,,false,Pellentesque at nulla.,8,https://randomuser.me/api/portraits/women/82.jpg,Pearson
173,rwhitehurst4s,bprimarolo4s@irs.gov,7901358735,18,false,Nullam sit amet turpis elementum ligula vehicula consequat. Morbi a ipsum. Integer a nibh.,8,https://randomuser.me/api/portraits/women/83.jpg,Pepper Wood
174,kspain4t,cdadamo4t@macromedia.com,6296434882,51,true,Vivamus in felis eu sapien cursus vestibulum. Proin eu mi.,1,https://randomuser.me/api/portraits/women/84.jpg,Amoth
175,rberwick4u,bkirgan4u@quantcast.com,1303310290,,false,,4,https://randomuser.me/api/portraits/women/85.jpg,Merry
176,fpetras4v,emccritchie4v@xing.com,8531223862,39,true,Nulla justo.,7,https://randomuser.me/api/portraits/women/86.jpg,Elka
